City_ID,City,Lat,Lng,Max Temp,Humidity,Cloudiness,Wind Speed,Country,Date
0,saipan,15.1355,145.701,28.39,74,40,4.12,MP,1713219784
1,hermanus,-34.4187,19.2345,18.22,92,2,4.08,ZA,1713219784
2,uturoa,-16.7333,-151.4333,27.19,81,90,9.06,PF,1713219784
3,yigo village,13.5361,144.8886,27.85,78,20,4.12,GU,1713219785
4,gao,16.6362,1.637,27.0,11,35,4.46,ML,1713219785
5,abeokuta,7.15,3.35,26.86,86,88,0.63,NG,1713219785
6,port mathurin,-19.6833,63.4167,26.85,76,47,6.85,MU,1713219785
7,ancud,-41.8697,-73.8203,12.92,91,14,7.27,CL,1713219785
8,isafjordur,66.0755,-23.124,-3.85,91,98,3.33,IS,1713219785
9,puerto ayora,-0.7393,-90.3518,28.98,93,93,2.24,EC,1713219785
10,chardara,41.2547,67.9692,14.5,80,100,4.19,KZ,1713219786
11,grytviken,-54.2811,-36.5092,0.53,80,16,8.75,GS,1713219786
12,port elizabeth,-33.918,25.5701,21.17,92,75,4.12,ZA,1713219786
13,puerto natales,-51.7236,-72.4875,9.32,90,90,0.89,CL,1713219786
14,ta`u,-14.2336,-169.5144,29.0,75,100,6.22,AS,1713219786
15,iqaluit,63.7506,-68.5145,-4.15,58,40,8.23,CA,1713219786
16,bayganin,48.6947,55.8742,11.24,74,100,6.89,KZ,1713219737
17,mejit,10.2753,170.8646,27.02,83,31,8.73,MH,1713219786
18,waitangi,-43.9535,-176.5597,12.12,79,100,2.24,NZ,1713219786
19,manokwari,-0.8667,134.0833,25.94,89,100,4.28,ID,1713219787
20,adamstown,-25.066,-130.1015,22.24,71,67,8.07,PN,1713219787
21,santiago de cao,-7.9589,-79.2392,21.07,83,47,4.63,PE,1713219787
22,edinburgh of the seven seas,-37.0676,-12.3116,15.28,67,23,7.0,SH,1713219787
23,ilulissat,69.2167,-51.1,-7.99,57,0,0.0,GL,1713219787
24,aasiaat,68.7098,-52.8699,-13.76,84,29,3.27,GL,1713219787
25,dryden,49.7833,-92.7503,13.16,30,0,2.57,CA,1713219787
26,houmt el souk,33.8758,10.8575,18.97,94,20,4.12,TN,1713219787
27,istaravshan,39.9142,69.0033,11.02,79,100,1.96,TJ,1713219787
28,kununurra,-15.7667,128.7333,22.99,73,12,2.57,AU,1713219539
29,margaret river,-33.95,115.0667,13.21,88,2,3.44,AU,1713219788
30,ribeira grande,38.5167,-28.7,15.99,93,100,4.47,PT,1713219788
31,st. john's,47.5649,-52.7093,8.66,71,40,5.14,CA,1713219760
32,thunder bay,48.4001,-89.3168,14.99,26,20,4.63,CA,1713219710
33,wailua homesteads,22.0669,-159.378,26.24,66,75,6.17,US,1713219788
34,lamu,-2.2717,40.902,27.21,80,100,6.69,KE,1713219788
35,dakhla,23.6848,-15.958,20.78,66,0,5.05,EH,1713219788
36,college,64.8569,-147.8028,5.18,44,40,1.54,US,1713219789
37,belmonte,-15.8631,-38.8828,25.37,89,98,5.31,BR,1713219789
38,prince rupert,54.3161,-130.3201,7.05,70,0,4.63,CA,1713219789
39,chifeng,42.2683,118.9636,7.78,32,0,3.95,CN,1713219789
40,kuraymah,18.55,31.85,25.32,13,70,6.56,SD,1713219789
41,blackmans bay,-43.0167,147.3167,11.52,80,86,1.56,AU,1713219789
42,albany,42.6001,-73.9662,15.76,47,10,0.89,US,1713219566
43,dunedin,-45.8742,170.5036,12.67,80,85,1.34,NZ,1713219789
44,port-aux-francais,-49.35,70.2167,4.59,69,71,17.43,TF,1713219789
45,ushuaia,-54.8,-68.3,16.81,55,40,4.12,AR,1713219183
46,stanley,54.868,-1.6985,6.01,76,40,6.69,GB,1713219790
47,bethel,41.3712,-73.414,23.05,37,0,3.09,US,1713219790
48,hawaiian paradise park,19.5933,-154.9731,27.15,77,100,3.6,US,1713219790
49,marang,5.2056,103.2059,27.95,82,52,0.77,MY,1713219790
50,kidal,18.4411,1.4078,25.41,14,86,5.13,ML,1713219790
51,lawas,13.764,121.0566,23.83,88,67,4.04,PH,1713219790
52,khadan khak,30.7477,67.7085,9.8,59,0,3.6,PK,1713219790
53,tiksi,71.6872,128.8694,-4.88,89,100,4.58,RU,1713219791
54,bataipora,-22.2953,-53.2711,24.17,81,100,2.16,BR,1713219791
55,tura,25.5198,90.2201,27.9,34,100,1.75,IN,1713219791
56,avarua,-21.2078,-159.775,26.03,89,75,9.26,CK,1713219791
57,hernando,28.5419,-82.4582,30.58,51,0,3.13,US,1713219791
58,sinop,41.7711,34.8709,14.11,58,0,5.22,TR,1713219662
59,minggang,32.4586,114.0486,17.8,84,81,2.97,CN,1713219791
60,gongzhuling,43.5008,124.8198,6.08,77,0,3.12,CN,1713219791
61,puerto palomas,31.7667,-107.6167,26.14,6,0,15.87,MX,1713219792
62,gambela,8.25,34.5833,28.33,54,50,1.03,ET,1713219792
63,westerland,54.9079,8.3033,6.63,87,100,5.66,DE,1713219792
64,koundara,12.4833,-13.3,31.61,9,32,2.94,GN,1713219792
65,qaqortoq,60.7167,-46.0333,1.24,97,100,3.64,GL,1713219792
66,cannonvale,-20.2833,148.7,26.66,72,60,8.33,AU,1713219792
67,bilibino,68.0546,166.4372,-18.71,87,100,1.95,RU,1713219792
68,keflavik,64.0049,-22.5624,-0.05,64,20,4.12,IS,1713219792
69,kamaishi,39.2667,141.8833,13.75,75,100,2.88,JP,1713219792
70,san elizario,31.5851,-106.2728,29.6,3,20,9.26,US,1713219586
71,bismil,37.8486,40.6658,11.85,77,0,0.24,TR,1713219792
72,aki,33.5,133.9,15.97,91,99,3.27,JP,1713219793
73,jamestown,42.097,-79.2353,15.85,37,0,6.17,US,1713219654
74,letterkenny,54.95,-7.7333,6.83,87,72,6.73,IE,1713219793
75,klyuchi,52.2667,79.1667,1.74,81,10,2.49,RU,1713219793
76,vilyuchinsk,52.9306,158.4028,1.25,93,100,0.89,RU,1713219793
77,katabu,-4.9333,122.5167,23.82,96,85,1.03,ID,1713219793
78,severo-yeniseyskiy,60.3725,93.0408,-11.8,93,100,3.93,RU,1713219793
79,sretensk,52.2453,117.7093,-1.08,90,11,0.98,RU,1713219793
80,kashgar,39.4547,75.9797,16.56,20,40,3.0,CN,1713219793
81,zavodoukovsk,56.5042,66.5515,2.7,78,7,4.42,RU,1713219794
82,nushki,29.5542,66.0215,18.8,35,0,1.31,PK,1713219794
83,goz beida,13.95,20.55,29.82,10,30,3.74,TD,1713219794
84,necochea,-38.5473,-58.7368,19.73,96,100,8.84,AR,1713219637
85,mount isa,-20.7333,139.5,21.87,64,81,3.6,AU,1713219794
86,san sebastian de la gomera,28.0916,-17.1133,24.2,43,0,0.51,ES,1713219794
87,port macquarie,-31.4333,152.9167,22.16,71,81,1.12,AU,1713219794
88,west island,-12.1568,96.8225,26.99,89,40,3.6,CC,1713219794
89,revda,56.801,59.9303,3.07,83,55,4.33,RU,1713219794
90,santa ana de yacuma,-13.75,-65.4333,30.97,70,75,2.06,BO,1713219795
91,bambanglipuro,-7.95,110.2833,24.95,89,100,2.01,ID,1713219795
92,happy valley-goose bay,53.3168,-60.3315,10.17,37,20,7.72,CA,1713219795
93,hamilton,39.1834,-84.5333,29.44,43,20,4.12,US,1713219314
94,new glasgow,45.5834,-62.6486,10.44,86,100,2.74,CA,1713219763
95,yellowknife,62.456,-114.3525,2.29,55,20,3.6,CA,1713219795
96,talnakh,69.4865,88.3972,-22.19,100,97,1.64,RU,1713219795
97,prijedor,44.9814,16.7131,14.82,51,33,1.39,BA,1713219795
98,remire-montjoly,4.9167,-52.2667,28.02,89,75,3.6,GF,1713219796
99,punta arenas,-53.15,-70.9167,10.06,81,0,3.09,CL,1713219796
100,luanda,-8.8368,13.2343,27.0,90,75,3.6,AO,1713219680
101,kailua-kona,19.6406,-155.9956,27.98,84,0,10.29,US,1713219787
102,amga,60.8953,131.9608,-8.93,91,100,0.93,RU,1713219796
103,fort bragg,35.139,-79.006,31.92,28,0,5.66,US,1713219796
104,kirensk,57.7853,108.1119,2.2,98,100,3.13,RU,1713219796
105,quellon,-43.1167,-73.6167,13.79,81,53,4.44,CL,1713219796
106,ha'il,27.5219,41.6907,13.01,62,0,0.0,SA,1713219796
107,guaruja,-23.9931,-46.2564,23.92,41,75,3.13,BR,1713219796
108,bandarbeyla,9.4942,50.8122,27.91,77,45,4.1,SO,1713219797
109,gadani,25.1185,66.7299,25.12,79,100,0.32,PK,1713219797
110,kuanda,56.3161,116.0806,-3.54,72,81,0.89,RU,1713219797
111,papao,-17.75,-149.55,29.82,83,100,9.51,PF,1713219797
112,priozersk,61.0393,30.1291,6.16,82,95,3.9,RU,1713219797
113,iskateley,67.6803,53.1512,-3.88,98,100,4.92,RU,1713219678
114,weyburn,49.6668,-103.8511,17.12,29,100,11.83,CA,1713219642
115,hithadhoo,-0.6,73.0833,28.92,75,100,3.96,MV,1713219797
116,fortuna,40.5982,-124.1573,14.43,73,100,7.72,US,1713219658
117,olonkinbyen,70.9221,-8.7187,-2.94,76,96,8.09,SJ,1713219798
118,newman,37.3138,-121.0208,19.02,65,98,2.24,US,1713219798
119,gornyy,55.1153,83.9059,-2.04,86,98,2.41,RU,1713219798
120,greenfield,42.9614,-88.0126,22.92,30,20,5.66,US,1713219515
121,colonia,50.9333,6.95,6.65,85,40,3.09,DE,1713219794
122,enewetak,11.3474,162.3373,27.52,79,64,7.53,MH,1713219798
123,as suki,13.3167,33.8833,31.0,10,71,5.57,SD,1713219798
124,taltal,-25.4,-70.4833,18.93,57,0,2.51,CL,1713219798
125,ilo,-17.6394,-71.3375,21.32,84,51,6.38,PE,1713219798
126,tangalle,6.024,80.7911,26.24,88,98,3.66,LK,1713219798
127,norrtalje,59.758,18.705,2.42,91,80,1.3,SE,1713219799
128,puerto deseado,-47.7503,-65.8938,14.52,74,53,8.09,AR,1713219799
129,carnarvon,-24.8667,113.6333,24.22,46,47,4.02,AU,1713219799
130,bonthe,7.5264,-12.505,27.38,83,60,3.6,SL,1713219799
131,port douglas,-16.4833,145.4667,25.85,91,100,7.65,AU,1713219799
132,adam,22.3756,57.5233,22.79,87,100,4.67,OM,1713219799
133,georgetown,5.4112,100.3354,27.96,85,20,1.54,MY,1713219707
134,markaz-e hukumat-e darweshan,31.1323,64.1934,18.36,33,1,1.77,AF,1713219799
135,autazes,-3.5797,-59.1306,26.13,96,74,1.11,BR,1713219799
136,tocache,-8.1842,-76.5125,29.73,69,10,1.3,PE,1713219800
137,verkhov'ye,52.8119,37.2425,6.53,65,41,5.61,RU,1713219800
138,praia da vitoria,38.7333,-27.0667,17.14,94,75,9.26,PT,1713219800
139,kodiak,57.79,-152.4072,5.73,52,75,5.14,US,1713219800
140,orange beach,30.2944,-87.5736,26.27,69,0,3.6,US,1713219754
141,haiku-pauwela,20.9219,-156.3051,27.25,79,75,8.23,US,1713219800
142,aykhal,66.0,111.5,-4.26,98,100,2.37,RU,1713219800
143,corfu,39.62,19.9197,20.66,82,20,0.0,GR,1713219622
144,kolwezi,-10.7148,25.4667,16.52,95,91,2.9,CD,1713219801
145,ust-nera,64.5667,143.2,-14.08,81,91,0.94,RU,1713219801
146,moeiwadi,16.3894,104.1572,30.06,51,65,2.74,TH,1713219801
147,chonchi,-42.6128,-73.8092,13.95,82,41,2.33,CL,1713219801
148,namibe,-15.1961,12.1522,23.74,71,28,2.48,AO,1713219801
149,tromso,69.6496,18.957,0.01,93,0,1.54,NO,1713219801
150,hailey,43.5196,-114.3153,16.11,40,40,8.49,US,1713219632
151,geraldton,-28.7667,114.6,19.23,48,0,2.06,AU,1713219802
152,petropavlovsk-kamchatsky,53.0452,158.6483,0.43,94,75,3.0,RU,1713219663
153,princeville,45.7668,-61.2985,10.82,95,40,1.54,CA,1713219802
154,nguigmi,14.2495,13.1092,31.42,10,99,4.94,NE,1713219802
155,zliten,32.4674,14.5687,20.87,60,91,6.33,LY,1713219802
156,nova sintra,14.8667,-24.7167,22.87,87,0,7.09,CV,1713219802
157,kiunga,-6.1219,141.2906,23.72,98,100,0.32,PG,1713219802
158,kimberley,-28.7323,24.7623,15.83,72,100,5.14,ZA,1713219802
159,duong dong,10.2167,103.9667,25.0,94,20,2.06,VN,1713219802
160,howell,42.6073,-83.9294,22.12,29,0,4.63,US,1713219522
161,curuca,-0.7289,-47.8481,23.29,98,100,1.42,BR,1713219803
162,yelan'-koleno,51.1523,41.2306,9.39,80,100,5.89,RU,1713219556
163,utrik,11.2278,169.8474,26.94,82,39,8.16,MH,1713219803
164,antalaha,-14.9003,50.2788,24.88,85,72,3.11,MG,1713219803
165,khandyga,62.6667,135.6,-12.83,88,100,1.26,RU,1713219803
166,san julian,21.0167,-102.1667,31.92,13,100,5.33,MX,1713219803
167,walvis bay,-22.9575,14.5053,12.53,100,74,0.0,NA,1713219803
168,klaksvik,62.2266,-6.589,3.51,75,100,12.71,FO,1713219803
169,tolanaro,-25.0319,46.9987,21.04,94,75,3.09,MG,1713219804
170,fale old settlement,-9.3852,-171.2468,27.34,83,100,4.77,TK,1713219804
171,kuandian,40.7286,124.7847,7.49,88,100,1.4,CN,1713219804
172,sandnessjoen,66.0217,12.6316,1.06,69,20,2.57,NO,1713219804
173,trindade,-16.6494,-49.4889,27.86,75,98,1.79,BR,1713219716
174,veraval,20.9,70.3667,28.26,60,57,7.67,IN,1713219804
175,manismata,-2.4667,111.0333,23.22,99,68,1.22,ID,1713219804
176,alo,7.4178,6.7371,28.27,73,83,1.05,NG,1713219804
177,udachny,66.4167,112.4,-8.64,96,99,2.48,RU,1713219804
178,margate,51.3813,1.3862,8.5,64,79,4.47,GB,1713219804
179,queenstown,-31.8976,26.8753,11.86,90,2,0.94,ZA,1713219805
180,shangzhi,45.2167,127.9667,10.7,84,100,5.44,CN,1713219805
181,nizhniy odes,63.6445,54.856,-0.8,91,63,3.94,RU,1713219805
182,thompson,55.7435,-97.8558,8.09,53,40,2.57,CA,1713219805
183,mizan teferi,6.9833,35.5833,18.72,89,96,1.52,ET,1713219805
184,bredasdorp,-34.5322,20.0403,17.16,95,64,3.55,ZA,1713219805
185,new norfolk,-42.7826,147.0587,12.18,76,82,0.86,AU,1713219805
186,chui,-33.6971,-53.4616,22.23,96,100,7.58,UY,1713219805
187,batticaloa,7.7102,81.6924,27.06,83,100,1.82,LK,1713219805
188,midvagur,62.0511,-7.1939,3.46,65,75,9.26,FO,1713219805
189,sayat,38.7839,63.8803,9.93,59,92,2.88,TM,1713219806
190,lompoc,34.6391,-120.4579,23.72,68,0,8.23,US,1713219806
191,hasaki,35.7333,140.8333,16.27,75,100,6.5,JP,1713219806
192,dudinka,69.4058,86.1778,-27.45,100,94,1.8,RU,1713219806
193,horta,38.5333,-28.6333,15.57,93,100,4.47,PT,1713219806
194,isangel,-19.55,169.2667,29.06,70,75,2.57,VU,1713219806
195,fort st. john,56.2499,-120.8529,-0.06,100,100,4.12,CA,1713219806
196,coracora,-15.0333,-73.7833,15.11,44,1,2.83,PE,1713219806
197,kindu,-2.95,25.95,21.26,94,47,1.03,CD,1713219688
198,castillos,-34.1667,-53.8333,21.59,98,100,5.95,UY,1713219806
199,atafu village,-8.5421,-172.5159,28.43,78,100,3.91,TK,1713219807
200,egilsstadir,65.2653,-14.3948,-1.05,74,75,6.17,IS,1713219807
201,broken hill,-31.95,141.4333,15.98,39,1,3.05,AU,1713219807
202,luderitz,-26.6481,15.1594,14.6,73,0,2.49,NA,1713219807
203,asaita,11.5636,41.4394,32.96,51,69,1.08,ET,1713219807
204,trapani,37.8333,12.6667,14.05,94,0,3.6,IT,1713219807
205,ulladulla,-35.35,150.4667,17.31,81,56,0.4,AU,1713219807
206,kailahun,8.2833,-10.5667,27.46,58,86,1.48,SL,1713219807
207,antsiranana,-12.2787,49.2917,26.15,81,100,6.29,MG,1713219807
208,beloyarskiy,63.7119,66.6722,-2.78,93,100,2.68,RU,1713219808
209,papatowai,-46.5619,169.4708,10.92,97,100,3.79,NZ,1713219808
210,tambo,-14.8,-73.9167,8.46,44,3,3.36,PE,1713219808
211,mount pearl,47.5166,-52.7813,8.19,72,40,5.14,CA,1713219808
212,lethbridge,49.7,-112.8186,20.06,21,75,6.17,CA,1713219689
213,la ronge,55.1001,-105.2842,13.14,24,100,6.69,CA,1713219808
214,portland,45.5234,-122.6762,15.09,62,75,3.6,US,1713219760
215,homer,59.6425,-151.5483,6.13,53,0,2.57,US,1713219808
216,pierre,44.3683,-100.351,25.51,25,0,18.78,US,1713219794
217,santa ana,33.7456,-117.8678,23.69,52,40,4.12,US,1713219559
218,brookings,44.3114,-96.7984,25.14,26,0,11.83,US,1713219809
219,cockburn town,21.4612,-71.1419,24.98,78,40,5.66,TC,1713219809
220,armacao de buzios,-22.7469,-41.8817,25.09,86,58,8.35,BR,1713219698
221,ola,59.5833,151.2833,-6.59,83,96,2.13,RU,1713219809
222,longyearbyen,78.2186,15.6401,-14.09,66,75,4.12,SJ,1713219809
223,pandan,14.0453,124.1694,25.34,81,47,3.09,PH,1713219809
224,boguchany,58.3814,97.4531,-2.86,83,98,5.81,RU,1713219809
225,pangody,65.85,74.4859,-6.58,95,99,6.53,RU,1713219809
226,merizo village,13.2658,144.6691,28.54,83,62,5.44,GU,1713219809
227,fisterra,42.9049,-9.2629,12.64,77,25,9.07,ES,1713219810
228,port alfred,-33.5906,26.891,18.99,97,63,7.25,ZA,1713219810
229,carolina beach,34.0352,-77.8936,27.26,64,0,5.68,US,1713219810
230,crane,31.3974,-102.3501,31.95,11,99,11.05,US,1713219686
231,maputo,-25.9653,32.5892,19.82,88,20,1.03,MZ,1713219810
232,lure,47.75,6.5,7.81,93,75,3.6,FR,1713219810
233,tsiombe,-25.3,45.4833,21.67,77,32,6.13,MG,1713219810
234,prado,-17.3411,-39.2208,25.6,83,70,5.6,BR,1713219811
235,palasa,18.7667,84.4167,26.62,67,0,3.31,IN,1713219811
236,trenggalek,-8.05,111.7167,24.25,98,87,0.39,ID,1713219811
237,nambucca heads,-30.65,153.0,23.0,75,100,1.82,AU,1713219811
238,shuangyang,43.5242,125.6736,7.13,78,3,3.46,CN,1713219811
239,minas de marcona,-15.2119,-75.1103,16.62,90,87,7.94,PE,1713219811
240,la punta,-33.1837,-66.3127,10.78,96,100,4.01,AR,1713219811
241,pathein,16.7833,94.7333,26.04,83,0,2.94,MM,1713219811
242,narvik,68.4384,17.4272,-0.11,90,93,2.03,NO,1713219811
243,rio brilhante,-21.8019,-54.5464,23.96,94,100,2.3,BR,1713219812
244,verkhnevilyuysk,63.4453,120.3167,-4.32,92,99,2.9,RU,1713219812
245,nova vicosa,-17.8919,-39.3719,26.18,76,76,5.81,BR,1713219812
246,bardoli,21.1167,73.1167,31.32,33,18,2.69,IN,1713219812
247,chachapoyas,-6.2317,-77.869,17.83,86,76,1.3,PE,1713219812
248,bodaybo,57.8506,114.1933,-0.44,97,100,1.11,RU,1713219812
249,caleta de carquin,-11.0925,-77.6267,22.22,82,25,5.95,PE,1713219812
250,cholpon-ata,42.6494,77.0823,11.03,60,100,0.85,KG,1713219812
251,yunyang,33.4474,112.7142,16.3,46,56,4.06,CN,1713219812
252,flin flon,54.7682,-101.865,11.91,30,100,3.09,CA,1713219813
253,bambari,5.768,20.6757,27.3,57,84,1.72,CF,1713219813
254,augusta,48.3667,10.8833,11.61,75,40,7.72,DE,1713219665
255,urangan,-25.3,152.9,21.78,87,5,2.24,AU,1713219813
256,kapit,2.0167,112.9333,22.84,100,47,0.31,MY,1713219813
257,invercargill,-46.4,168.35,11.12,96,100,1.97,NZ,1713219813
258,wenchang,30.904,118.4887,20.12,96,100,2.66,CN,1713219813
259,weno,7.4515,151.8468,28.97,84,100,2.06,FM,1713219813
260,afaahiti,-17.75,-149.2833,28.93,83,100,8.26,PF,1713219813
261,tosontsengel,48.7567,98.2839,1.93,61,2,1.51,MN,1713219814
262,coshocton,40.272,-81.8596,25.19,61,18,2.67,US,1713219814
263,palikir - national government center,6.9248,158.1611,28.47,84,75,1.54,FM,1713219814
264,nelson bay,-32.7167,152.15,22.22,96,42,3.58,AU,1713219814
265,altay,47.8667,88.1167,6.91,56,96,3.78,CN,1713219814
266,magadan,59.5667,150.8,-6.93,88,100,1.21,RU,1713219650
267,kavaratti,10.5669,72.642,29.34,74,100,2.13,IN,1713219814
268,puerto baquerizo moreno,-0.9,-89.6,28.55,70,20,7.72,EC,1713219608
269,oroqen zizhiqi,50.5667,123.7167,2.25,75,9,2.23,CN,1713219814
270,gadzhiyevo,69.2551,33.3362,-2.73,80,100,9.39,RU,1713219815
271,svirsk,53.0858,103.3325,5.17,87,44,2.47,RU,1713219815
272,saldanha,-33.0117,17.9442,13.03,84,0,1.84,ZA,1713219815
273,gua musang,4.8823,101.9644,23.96,98,100,0.65,MY,1713219815
274,malabar,-33.9667,151.25,19.51,80,75,3.09,AU,1713219815
275,swift current,50.2834,-107.8014,23.45,23,0,5.66,CA,1713219815
276,bhola,22.6833,90.65,28.02,64,19,3.93,BD,1713219815
277,dalhart,36.0595,-102.5133,29.01,4,0,13.89,US,1713219816
278,susuman,62.7833,148.1667,-21.12,98,63,0.45,RU,1713219816
279,yorkton,51.2167,-102.4677,12.91,38,75,12.35,CA,1713219816
280,hundested,55.9667,11.8667,6.72,79,99,9.25,DK,1713219816
281,arraial do cabo,-22.9661,-42.0278,24.98,83,40,4.63,BR,1713219816
282,dongning,44.0622,131.1207,9.55,94,100,1.43,CN,1713219816
283,anadyr,64.75,177.4833,-16.72,77,94,8.94,RU,1713219816
284,urzhar,47.093,81.6294,13.39,59,98,3.01,KZ,1713219816
285,iligan city,8.25,124.4,23.85,95,86,0.27,PH,1713219816
286,loiza,18.4313,-65.8802,28.05,81,75,4.12,PR,1713219816
287,uliastay,47.7417,96.8444,-0.19,57,14,2.9,MN,1713219817
288,yuzhno-kurilsk,44.0306,145.8556,5.76,89,100,4.11,RU,1713219817
289,taulaga,-11.0553,-171.0883,25.77,88,100,0.52,AS,1713219817
290,kinablangan,7.6947,126.5503,25.35,85,100,2.63,PH,1713219817
291,oliver,49.1831,-119.5524,19.95,19,100,2.06,CA,1713219817
292,navia,43.5354,-6.7194,8.47,97,15,1.37,ES,1713219817
293,guerrero negro,27.9769,-114.0611,18.62,58,42,10.65,MX,1713219817
294,vadso,70.0744,29.7487,-0.91,74,75,7.72,NO,1713219817
295,bikenibeu village,1.3673,173.1241,28.32,68,100,3.13,KI,1713219817
296,khovd,48.0056,91.6419,7.49,48,8,3.29,MN,1713219817
297,mirny,62.5353,113.9611,-2.65,86,100,4.02,RU,1713219818
298,ponta delgada,37.7333,-25.6667,18.44,94,75,6.69,PT,1713219818
299,baghlan,35.75,69.0,6.34,85,100,0.67,AF,1713219818
300,oyama,36.3,139.8,18.66,64,100,3.24,JP,1713219818
301,codrington,-38.2667,141.9667,12.9,86,100,1.46,AU,1713219818
302,olinda,-8.0089,-34.8553,28.85,84,40,3.09,BR,1713219818
303,itaituba,-4.2761,-55.9836,25.26,96,71,0.7,BR,1713219818
304,sisimiut,66.9395,-53.6735,-6.14,68,12,4.87,GL,1713219643
305,buta,2.7858,24.73,21.29,99,100,2.54,CD,1713219819
306,krasnyy chikoy,50.3643,108.7512,-1.52,93,60,0.98,RU,1713219819
307,xining,36.6167,101.7667,8.54,34,91,1.93,CN,1713219819
308,komsomol'skiy,43.9783,46.6985,15.17,55,73,2.99,RU,1713219557
309,inari,68.906,27.0288,-0.58,91,100,4.83,FI,1713219819
310,sabancuy,18.9667,-91.1833,30.74,56,79,5.55,MX,1713219819
311,tamanrasset,22.785,5.5228,16.95,23,0,5.14,DZ,1713219819
312,pokhvistnevo,53.6524,52.1274,7.69,93,92,2.75,RU,1713219819
313,gidam,18.9833,81.4,26.86,46,41,0.2,IN,1713219820
314,baranivka,50.2969,27.6622,7.4,95,100,1.37,UA,1713219820
315,umiray,15.2206,121.4111,23.68,83,55,2.34,PH,1713219820
316,zelenoborskiy,66.845,32.3622,-0.14,93,100,3.89,RU,1713219556
317,prince george,53.9166,-122.753,5.16,56,100,3.4,CA,1713219663
318,piacabucu,-10.4056,-36.4344,26.36,87,48,3.02,BR,1713219820
319,holualoa,19.6228,-155.9522,25.91,91,0,10.29,US,1713219820
320,tanout,14.9709,8.8879,30.98,10,100,1.57,NE,1713219820
321,vorgashor,67.5833,63.95,-4.55,96,100,7.21,RU,1713219820
322,bogande,12.9714,-0.1436,30.5,12,6,3.34,BF,1713219820
323,yarmouth,41.7057,-70.2286,19.19,73,0,6.69,US,1713219585
324,saint-francois,46.4154,3.9054,11.69,68,100,6.69,FR,1713219821
325,mingshui,36.7167,117.5,11.83,33,2,1.45,CN,1713219821
326,mangai,-4.05,19.5333,24.11,86,57,0.62,CD,1713219821
327,whitehorse,60.7161,-135.0538,4.5,32,20,2.06,CA,1713219670
328,jiangzi,28.95,89.6333,-1.2,62,39,2.13,CN,1713219821
329,badger,64.8,-147.5333,5.14,43,75,1.54,US,1713219822
330,shenjiamen,29.9576,122.298,14.79,98,100,4.39,CN,1713219822
331,usinsk,65.9939,57.5281,-1.07,97,98,8.94,RU,1713219822
332,kiruna,67.8557,20.2251,-2.49,74,100,3.6,SE,1713219822
333,moroto,2.5345,34.6666,21.53,74,100,2.24,UG,1713219822
334,notodden,59.5594,9.2585,1.95,77,22,2.25,NO,1713219822
335,emerald,-23.5333,148.1667,22.97,72,90,8.85,AU,1713219822
336,harper,4.375,-7.7169,28.23,83,44,3.43,LR,1713219822
337,east london,-33.0153,27.9116,21.09,89,91,5.32,ZA,1713219823
338,la passe,45.5549,-0.8967,12.77,85,99,8.3,FR,1713219823
339,coyhaique,-45.5752,-72.0662,16.97,45,40,3.6,CL,1713219823
340,srem,52.0887,17.0151,9.52,96,100,4.84,PL,1713219823
341,al mahwit,15.4701,43.5448,17.11,78,0,1.16,YE,1713219823
342,constantia,44.1833,28.65,17.61,71,71,5.49,RO,1713219823
343,palmer,42.1584,-72.3287,20.01,38,40,5.14,US,1713219824
344,dori,14.0354,-0.0345,30.53,12,0,4.14,BF,1713219824
345,kasama,-10.2129,31.1808,15.97,98,100,1.7,ZM,1713219824
346,taroa,8.7058,171.2275,27.55,81,98,6.21,MH,1713219824
347,hadibu,12.65,54.0333,26.78,76,81,3.0,YE,1713219824
348,kerikeri,-35.2268,173.9474,21.06,75,4,2.16,NZ,1713219824
349,zyryanskoye,56.8306,86.6258,-4.74,91,25,2.71,RU,1713219678
350,cibla,56.55,27.8833,3.86,81,100,3.46,LV,1713219825
351,orchard homes,46.8633,-114.0484,15.89,38,100,7.2,US,1713219825
352,tazovsky,67.4667,78.7,-18.19,95,85,4.11,RU,1713219825
353,podporozh'ye,60.9112,34.1706,3.46,98,100,2.65,RU,1713219825
354,sal rei,16.1833,-22.9167,22.87,76,0,3.97,CV,1713219825
355,flying fish cove,-10.4217,105.6791,26.82,89,75,4.63,CX,1713219825
356,ulsteinvik,62.3432,5.8487,6.53,73,96,0.89,NO,1713219825
357,tekeli,44.83,78.8239,12.32,70,100,1.24,KZ,1713219825
358,sinabang,2.4803,96.3801,26.98,82,99,0.18,ID,1713219825
359,kapuskasing,49.4169,-82.4331,8.05,36,75,7.72,CA,1713219542
360,mil'kovo,55.6078,37.7956,6.35,82,55,5.09,RU,1713219826
361,rethymno,35.3647,24.4714,18.79,61,13,3.44,GR,1713219826
362,lucea,18.451,-78.1736,29.36,67,10,6.2,JM,1713219826
363,tofol,5.3248,163.0078,29.88,74,75,1.03,FM,1713219826
364,mogocha,53.7333,119.7667,-6.01,88,16,1.07,RU,1713219826
365,gostyn,51.8825,17.0123,10.04,91,100,4.47,PL,1713219826
366,caussade,44.1608,1.5391,9.21,84,36,4.66,FR,1713219826
367,santyoku,37.4406,129.1708,13.89,79,7,2.87,KR,1713219826
368,uige,-7.6087,15.0613,20.95,96,37,0.85,AO,1713219827
369,cajamarca,-7.1638,-78.5003,20.04,60,40,1.54,PE,1713219768
370,poronaysk,49.2167,143.1167,7.34,69,100,2.55,RU,1713219827
371,fomboni,-12.28,43.7425,28.63,75,100,1.78,KM,1713219827
372,songea,-10.6833,35.65,16.42,97,84,0.74,TZ,1713219827
373,fatehpur sikri,27.1,77.6667,28.99,35,97,2.85,IN,1713219827
374,anloga,5.7947,0.8973,29.33,78,86,4.45,GH,1713219827
375,chilca,-12.5211,-76.7372,21.05,88,85,4.97,PE,1713219827
376,angaur state,6.906,134.13,28.11,80,86,6.56,PW,1713219828
377,ambon,-3.6954,128.1814,27.71,95,40,1.03,ID,1713219828
378,placido de castro,-10.3353,-67.1856,26.13,93,100,1.11,BR,1713219828
379,nantucket,41.2835,-70.0995,16.12,82,0,3.09,US,1713219635
380,yanjiang,30.1211,104.6481,20.04,87,100,1.52,CN,1713219828
381,chibougamau,49.9168,-74.3659,1.79,64,100,5.14,CA,1713219828
382,tuy hoa,13.0833,109.3,22.49,95,28,1.53,VN,1713219828
383,fuerte olimpo,-21.0415,-57.8738,25.29,97,100,2.03,PY,1713219828
384,nar'yan-mar,67.6713,53.087,-3.83,98,100,4.92,RU,1713219828
385,westport,41.1415,-73.3579,24.63,45,75,5.14,US,1713219693
386,hobyo,5.3505,48.5268,28.78,79,94,6.25,SO,1713219829
387,pacific grove,36.6177,-121.9166,18.55,73,0,5.36,US,1713219829
388,port hueneme,34.1478,-119.1951,23.55,56,0,4.63,US,1713219829
389,mar del plata,-38.0023,-57.5575,20.29,99,100,9.39,AR,1713219039
390,nagqu,31.5,92.0,-0.94,67,98,2.69,CN,1713219829
391,alice springs,-23.7,133.8833,9.75,76,18,2.57,AU,1713219829
392,beni,0.5,29.4667,17.67,97,52,1.18,CD,1713219829
393,nemuro,43.3236,145.575,4.66,98,100,6.29,JP,1713219829
394,san antonio de pale,-1.4014,5.6325,28.3,83,10,4.4,GQ,1713219829
395,markovo,57.3206,107.0881,3.66,99,100,2.68,RU,1713219829
396,port alberni,49.2413,-124.8028,12.16,62,98,2.68,CA,1713219830
397,roccella ionica,38.322,16.4009,18.98,57,100,1.76,IT,1713219830
398,yarkovo,57.4028,67.0786,0.48,82,10,3.82,RU,1713219830
399,mount gambier,-37.8333,140.7667,11.2,92,46,2.13,AU,1713219830
400,cill airne,52.05,-9.5167,7.04,79,36,8.78,IE,1713219830
401,tecumseh,42.0039,-83.9449,23.18,34,0,3.6,US,1713219629
402,nizhneangarsk,55.7833,109.55,-2.78,91,100,1.34,RU,1713219607
403,sao tome,0.3365,6.7273,28.08,77,73,1.97,ST,1713219830
404,mexico,15.0646,120.7198,24.52,84,29,1.27,PH,1713219115
405,bhalki,18.0333,77.2167,31.44,34,13,1.97,IN,1713219830
406,cururupu,-1.8283,-44.8683,23.93,100,92,0.85,BR,1713219831
407,saryaghash,41.45,69.1667,13.96,95,100,1.92,KZ,1713219831
408,labytnangi,66.6572,66.4183,-2.01,94,100,3.9,RU,1713219831
409,sitia,35.2,26.0986,18.88,63,9,2.67,GR,1713219635
410,syktyvkar,61.6764,50.8099,5.85,81,100,5.0,RU,1713219831
411,gizo,-8.103,156.8419,28.47,76,100,2.29,SB,1713219831
412,vilyuysk,63.7553,121.6247,-5.0,89,97,4.02,RU,1713219831
413,karratha,-20.7377,116.8463,25.87,71,1,3.67,AU,1713219831
414,la ferte-bernard,48.1863,0.6536,8.79,84,100,6.5,FR,1713219751
415,ebaye,8.7748,167.7392,27.01,89,75,5.66,MH,1713219832
416,marka,1.7159,44.7717,28.7,78,97,7.49,SO,1713219832
417,charters towers,-20.1,146.2667,23.08,74,93,5.95,AU,1713219832
418,ust'-barguzin,53.45,108.9833,-0.97,87,59,0.97,RU,1713219832
419,farafangana,-22.8167,47.8333,22.48,85,100,1.67,MG,1713219832
420,akobo,7.4344,3.9497,24.3,91,100,1.53,NG,1713219832
421,sept-iles,50.2001,-66.3821,5.29,77,75,2.57,CA,1713219636
422,shalqar,47.8333,59.6,13.24,61,99,4.09,KZ,1713219832
423,kaka,37.3482,59.6143,14.91,48,7,1.79,TM,1713219832
424,port moresby,-9.4431,147.1797,26.68,94,40,1.54,PG,1713219832
425,kenora,49.8167,-94.4337,14.54,21,75,1.03,CA,1713219833
426,bucerias,20.75,-105.3333,25.99,69,75,6.17,MX,1713219833
427,callao,-12.0667,-77.15,22.16,73,0,7.72,PE,1713219798
428,iwon-up,40.3231,128.6553,11.28,81,67,2.48,KP,1713219833
429,pabna,24.0,89.25,29.68,51,100,4.67,BD,1713219833
430,kingston,17.997,-76.7936,30.65,58,67,0.22,JM,1713219472
431,salinas,36.6777,-121.6555,20.31,68,0,5.14,US,1713219833
432,letlhakeng,-24.0944,25.0298,16.6,73,36,4.06,BW,1713219834
433,nuuk,64.1835,-51.7216,0.34,100,100,0.0,GL,1713219780
434,korem,12.5058,39.5228,15.81,84,100,1.49,ET,1713219834
435,ad dilam,23.9915,47.1627,20.23,63,46,3.79,SA,1713219834
436,al jawf,29.5,38.75,18.13,53,4,0.97,SA,1713219834
437,yima,34.7381,111.8839,13.82,39,42,2.12,CN,1713219834
438,gordonvale,-17.0936,145.7842,26.06,100,100,2.02,AU,1713219834
439,rudnichnyy,59.617,52.4703,6.21,88,100,6.62,RU,1713219834
440,comodoro rivadavia,-45.8667,-67.5,16.92,55,0,1.54,AR,1713219828
441,san patricio,28.017,-97.5169,27.05,74,100,9.44,US,1713219834
442,lihue,21.9789,-159.3672,26.58,66,75,6.17,US,1713219835
443,touros,-5.1989,-35.4608,26.59,88,10,4.59,BR,1713219556
444,pizarro,4.9533,-77.366,27.2,88,100,3.19,CO,1713219835
445,general acha,-37.377,-64.6043,15.5,97,100,8.22,AR,1713219835
446,acarau,-2.8856,-40.12,26.35,86,73,3.71,BR,1713219835
447,padang,-0.9492,100.3543,26.03,89,100,1.88,ID,1713219652
448,palo santo,-25.5633,-59.3378,17.61,98,100,0.97,AR,1713219835
449,los alamos,35.8881,-106.307,14.53,12,0,11.83,US,1713219835
450,praia,14.9215,-23.5087,27.3,44,0,3.6,CV,1713219835
451,vizinga,61.0749,50.1031,6.31,92,100,4.36,RU,1713219836
452,coquimbo,-29.9533,-71.3436,16.85,82,20,3.09,CL,1713219836
453,altai,46.3722,96.2583,2.37,49,0,2.01,MN,1713219836
454,port lincoln,-34.7333,135.8667,14.72,78,1,2.78,AU,1713219836
455,kani keli,-12.9536,45.1033,27.59,73,89,2.21,YT,1713219836
456,tulagi,-9.0996,160.1476,29.18,78,87,8.97,SB,1713219836
457,rongelap,11.1635,166.8941,27.41,81,47,7.97,MH,1713219836
458,joshimath,30.5667,79.5667,9.08,60,83,3.08,IN,1713219836
459,eilat,29.5581,34.9482,21.91,46,0,3.6,IL,1713219836
460,evansville,37.9748,-87.5558,30.0,53,0,3.09,US,1713219546
461,los aquijes,-14.0967,-75.6908,26.34,57,9,2.79,PE,1713219837
462,conceicao da barra,-18.5933,-39.7322,24.63,82,65,3.86,BR,1713219837
463,morogoro,-6.8167,37.6667,20.6,97,100,0.78,TZ,1713219837
464,christchurch,-43.5333,172.6333,17.49,69,3,1.79,NZ,1713219837
465,smirnykh,49.75,142.8333,8.84,67,87,1.89,RU,1713219837
466,port saint john's,-31.6229,29.5448,21.01,90,99,4.62,ZA,1713219837
467,ipora,-16.4419,-51.1178,23.83,78,68,1.32,BR,1713219837
468,malmberget,67.1753,20.6549,-0.69,69,100,3.6,SE,1713219837
469,elesbao veloso,-6.2019,-42.1403,24.88,91,42,1.77,BR,1713219838
470,kruisfontein,-34.0033,24.7314,19.94,94,77,4.07,ZA,1713219838
471,amahai,-3.3333,128.9167,26.29,86,100,1.4,ID,1713219838
472,naze,28.3667,129.4833,19.51,92,18,0.61,JP,1713219838
473,chegdomyn,51.1167,133.0167,10.98,72,100,4.77,RU,1713219838
474,muang phonsavan,19.45,103.2167,17.95,83,34,0.4,LA,1713219838
475,lorengau,-2.0226,147.2712,28.82,79,94,3.12,PG,1713219838
476,maxixe,-23.8597,35.3472,21.36,73,27,2.89,MZ,1713219838
477,porto novo,6.4965,2.6036,29.9,80,91,2.51,BJ,1713219838
478,mantua,45.1667,10.7833,16.58,82,4,1.34,IT,1713219782
479,morehead city,34.7229,-76.726,25.57,74,0,6.69,US,1713219839
480,las heras,-46.5419,-68.9359,16.85,27,48,5.48,AR,1713219839
481,atbasar,51.8,68.3333,4.82,82,34,2.29,KZ,1713219581
482,antonio enes,-16.2325,39.9086,25.12,75,100,4.43,MZ,1713219839
483,lata,40.1629,-8.3327,14.95,90,0,0.6,PT,1713219839
484,tucupita,9.0622,-62.051,31.73,49,100,4.16,VE,1713219839
485,rikaze,29.25,88.8833,5.79,48,79,2.07,CN,1713219839
486,nehe,48.4833,124.8333,7.15,59,100,6.97,CN,1713219839
487,brandon,27.9378,-82.2859,31.08,45,0,2.57,US,1713219661
488,lebu,-37.6167,-73.65,15.31,80,8,4.86,CL,1713219840
489,ad dabbah,18.05,30.95,25.32,14,77,5.31,SD,1713219840
490,shingu,33.7333,135.9833,16.33,92,97,2.27,JP,1713219840
491,morris,40.8334,-74.5329,25.23,33,40,4.63,US,1713219840
492,kapa'a,22.0752,-159.319,26.99,65,75,6.17,US,1713219840
493,san luis de la loma,17.2706,-100.8939,29.61,55,100,3.94,MX,1713219840
494,howard springs,-12.497,131.047,26.6,87,99,2.22,AU,1713219840
495,saida,34.8303,0.1517,12.88,79,40,2.85,DZ,1713219840
496,zhanga buqtyrma,49.6295,83.5248,6.1,75,91,0.64,KZ,1713219841
497,labrador city,52.9463,-66.9114,1.95,48,75,4.12,CA,1713219841
498,challapata,-18.9,-66.7667,12.24,20,0,9.59,BO,1713219841
499,island harbour,50.724,-1.2758,8.42,78,39,4.02,GB,1713219841
500,pisco,-13.7,-76.2167,22.79,78,100,9.26,PE,1713219841
501,sungai penuh,-2.0833,101.3833,19.85,95,100,1.85,ID,1713219841
502,tarawa,1.419,172.984,30.05,74,75,2.06,KI,1713219841
503,aldinga beach,-35.2793,138.4604,13.69,85,77,2.7,AU,1713219842
504,lensk,60.7253,114.9278,-0.42,98,100,1.61,RU,1713219842
505,sabzevar,36.2126,57.6819,13.53,53,15,3.16,IR,1713219842
506,filingue,14.3521,3.3168,30.14,13,12,4.81,NE,1713219842
507,capitan bado,-23.2667,-55.5333,23.6,90,100,3.1,PY,1713219842
508,wisconsin rapids,44.3836,-89.8174,21.16,18,0,2.06,US,1713219617
509,acajutla,13.5928,-89.8275,30.57,59,18,3.6,SV,1713219762
510,umluj,25.0213,37.2685,24.34,60,0,2.06,SA,1713219843
511,salas,43.4118,-6.2602,10.23,98,50,0.61,ES,1713219843
512,ciudad lazaro cardenas,17.9583,-102.2,28.14,60,90,4.28,MX,1713219664
513,jieshi,22.8134,115.8257,24.17,89,3,4.12,CN,1713219843
514,weiden,49.6775,12.1567,6.12,85,75,6.69,DE,1713219844
515,unjha,23.8,72.4,28.31,52,100,4.7,IN,1713219844
516,whitby,54.4877,-0.615,7.4,80,100,6.26,GB,1713219844
517,neyriz,29.1988,54.3278,11.7,80,100,2.11,IR,1713219844
518,redding,40.5865,-122.3917,23.29,39,0,2.06,US,1713219733
519,vernon,50.2581,-119.2691,18.74,21,56,2.06,CA,1713219669
520,hammerfest,70.6634,23.6821,0.25,86,75,5.14,NO,1713219845
521,karlovy vary,50.2327,12.8712,5.43,83,75,5.36,CZ,1713219845
522,dubbo,-32.25,148.6167,14.07,72,3,3.09,AU,1713219712
523,jabal os saraj,35.1183,69.2378,7.82,65,21,3.54,AF,1713219845
524,cuamba,-14.8031,36.5372,17.96,96,73,2.13,MZ,1713219845
525,bishkek,42.87,74.59,11.11,93,100,5.51,KG,1713219845
526,ulanhot,46.0833,122.0833,7.34,56,0,4.26,CN,1713219845
527,siwa oasis,29.2041,25.5195,24.55,26,100,3.2,EG,1713219845
528,san felipe,10.3399,-68.7425,25.92,71,18,4.24,VE,1713219846
529,tokoroa,-38.2333,175.8667,14.07,88,95,2.6,NZ,1713219846
530,red hill,33.9996,-79.2581,31.1,45,0,4.99,US,1713219846
531,stony plain,53.5334,-114.0021,10.11,54,0,7.2,CA,1713219846
532,uyuni,-20.4597,-66.825,10.42,17,0,13.3,BO,1713219846
533,thief river falls,48.1191,-96.1812,10.53,53,100,5.66,US,1713219846
534,qamdo,31.1667,97.2333,1.74,48,79,2.05,CN,1713219846
535,nadym,65.5333,72.5167,-5.02,94,100,7.3,RU,1713219662
536,palembang,-2.9167,104.7458,26.05,94,20,0.0,ID,1713219846
537,olhao,37.0286,-7.8411,22.94,76,0,3.09,PT,1713219847
538,dourbali,11.8091,15.8632,34.78,17,50,3.37,TD,1713219847
539,as samawah,31.332,45.2944,23.78,38,83,4.84,IQ,1713219847
540,mersing,2.4312,103.8405,26.95,89,40,1.54,MY,1713219847
541,trail,49.0998,-117.7022,19.59,22,29,3.66,CA,1713219847
542,borogontsy,62.6683,131.1683,-11.01,97,95,1.83,RU,1713219847
543,tommot,58.9564,126.2925,-8.12,95,98,0.28,RU,1713219847
544,santa rosa,14.3122,121.1114,27.99,77,97,4.54,PH,1713219700
545,kalawit,8.0667,122.5167,26.26,87,65,3.47,PH,1713219848
546,miranda,3.2499,-76.2281,29.07,91,93,0.87,CO,1713219848
547,tokar,18.4254,37.729,26.11,56,77,4.12,SD,1713219848
548,freetown,8.484,-13.2299,26.44,85,3,3.04,SL,1713219848
549,rio gallegos,-51.6226,-69.2181,11.03,62,0,2.06,AR,1713219770
550,lokomotivnyy,53.0118,60.5684,6.17,70,100,6.16,RU,1713219848
551,rabo de peixe,37.8,-25.5833,17.77,99,75,6.69,PT,1713219848
552,monte alegre de minas,-18.8706,-48.8808,25.38,61,100,2.75,BR,1713219840
553,kitimat,54.0524,-128.6534,8.84,64,100,2.24,CA,1713219848
554,pemangkat,1.1667,108.9667,25.78,89,84,3.42,ID,1713219849
555,lethem,3.3803,-59.7968,34.54,38,62,5.41,GY,1713219849
556,lepsy,46.235,78.9456,14.16,56,99,2.56,KZ,1713219849
557,sudzha,51.1976,35.2726,7.58,86,100,3.2,RU,1713219849
558,soldato-aleksandrovskoye,44.2653,43.7561,14.19,68,79,0.96,RU,1713219849
559,pestovo,58.5938,35.8024,4.48,89,100,3.12,RU,1713219849
560,huarmey,-10.0681,-78.1522,23.34,77,8,5.95,PE,1713219849
561,swakopmund,-22.6833,14.5333,12.47,69,71,2.88,NA,1713219850
562,tindouf,27.6711,-8.1474,27.25,9,0,5.14,DZ,1713219850
563,cobram,-35.9167,145.65,13.38,65,0,1.58,AU,1713219850
564,ketchikan,55.3422,-131.6461,10.26,53,0,5.14,US,1713219850
565,el granada,37.5027,-122.4694,21.64,69,75,4.12,US,1713219850
566,la'ie,21.6477,-157.9253,26.98,68,27,5.9,US,1713219850
567,cidreira,-30.1811,-50.2056,23.37,93,100,11.36,BR,1713219850
568,murashi,59.3999,48.9615,4.83,95,100,3.5,RU,1713219850
569,thinadhoo,0.5333,72.9333,28.6,75,100,0.4,MV,1713219850
570,sao jose da coroa grande,-8.8978,-35.1478,26.6,87,50,3.78,BR,1713219851
571,taoudenni,22.6783,-3.9836,26.81,17,0,3.49,ML,1713219851
572,greymouth,-42.4667,171.2,13.39,79,61,0.84,NZ,1713219851
573,alofi,-19.0595,-169.9187,28.94,74,75,4.63,NU,1713219851
574,argo,37.6333,22.7333,19.52,52,77,1.16,GR,1713219851
575,murudeshwara,14.0943,74.4845,26.59,85,26,1.45,IN,1713219851
576,aberdeen,57.1437,-2.0981,8.27,87,100,7.72,GB,1713219851
577,benguela,-12.5763,13.4055,25.45,88,16,1.25,AO,1713219852
578,gilgit,35.9221,74.3087,9.35,80,99,1.32,PK,1713219852
579,ramhormoz,31.28,49.6035,22.71,36,92,2.3,IR,1713219852
